<?xml version="1.0" encoding="UTF-8" standalone="yes"?>
<addon id="plugin.video.h5ai"
       name="h5ai Connector"
       version="1.0.19"
       provider-name="Tamzid Azam Priyo">
  <requires>
    <import addon="xbmc.python" version="3.0.0"/>
    <import addon="script.module.requests"/>
    <import addon="script.module.beautifulsoup4"/>
  </requires>
  <extension point="xbmc.python.pluginsource"
             library="addon.py">
    <provides>video</provides>
  </extension>
  <extension point="xbmc.addon.metadata">
    <summary lang="en_gb">A simple plugin to browse h5ai directories.</summary>
    <description lang="en_gb">This plugin allows you to add an h5ai-powered website as a source in Kodi, enabling you to browse its directories and play media files directly.</description>
    <disclaimer lang="en_gb">The authors of this plugin do not host any of the content found. This plugin is designed to give you access to content that you already own.</disclaimer>
    <platform>all</platform>
    <license>MIT</license>
    <assets>
        <icon>icon.png</icon>
        <fanart>fanart.jpg</fanart>
    </assets>
  </extension>
</addon>

